{"cameraMode":{"drawMode":0,"name":"Shaded","section":"Shading Mode"},"sceneLighting":true,"audioPlay":false,"sceneViewState":{"m_AlwaysRefresh":false,"showFog":true,"showSkybox":true,"showFlares":true,"showImageEffects":true,"showParticleSystems":true,"showVisualEffectGraphs":true,"m_FxEnabled":true},"in2DMode":false,"pivot":{"x":385.46630859375,"y":233.0411376953125,"z":25.324798583984376},"rotation":{"x":-0.06769529730081558,"y":-0.04279252141714096,"z":0.0029043781105428936,"w":-0.9967922568321228},"size":371.37261962890627,"orthographic":false}